<VAST version="2.0" xmlns:xsi="//www.w3.org/2001/XMLSchema-instance" xsi:noNamespaceSchemaLocation="vast.xsd">
  <Ad id="232859236">
    <InLine>
      <AdSystem version="2.0">Alex_Vast</AdSystem>
      <AdTitle></AdTitle>
      <Description></Description>
      <Survey></Survey>
      <Impression id="DART"><![CDATA[//qa.jwplayer.com/~alex/pixel.gif?2]]></Impression>
      <Creatives>
        <Creative sequence="1" AdID="">
          <Linear>
            <Duration>00:00:30</Duration>
            <TrackingEvents>
              <Tracking event="start">//qa.jwplayer.com/~alex/pixel.gif?1</Tracking>
              <Tracking event="impression">//qa.jwplayer.com/~alex/pixel.gif?2</Tracking>
              <Tracking event="firstQuartile">//qa.jwplayer.com/~alex/pixel.gif?3</Tracking>
              <Tracking event="midpoint">//qa.jwplayer.com/~alex/pixel.gif?4</Tracking>
              <Tracking event="thirdQuartile">//qa.jwplayer.com/~alex/pixel.gif?5</Tracking>
              <Tracking event="complete">//qa.jwplayer.com/~alex/pixel.gif?6</Tracking>
              <Tracking event="pause">//qa.jwplayer.com/~alex/pixel.gif?7</Tracking>
              <Tracking event="mute">//qa.jwplayer.com/~alex/pixel.gif?8</Tracking>
              <Tracking event="fullscreen">//qa.jwplayer.com/~alex/pixel.gif?9</Tracking>
            </TrackingEvents>
            <AdParameters></AdParameters>
            <VideoClicks>
              <ClickThrough><![CDATA[//www.jwplayer.com/]]></ClickThrough>
              <ClickTracking id="Alex"><![CDATA[//qa.jwplayer.com/~alex/pixel.gif?10]]></ClickTracking>
            </VideoClicks>
            <MediaFiles>
              <MediaFile id="1" delivery="progressive" type="video/mp4" bitrate="0" width="640" height="360"><![CDATA[//content.jwplatform.com/videos/AEhg3fFb-bPwArWA4.mp4]]></MediaFile>
            </MediaFiles>
          </Linear>
        </Creative>
        <Creative sequence="1" AdID="">
          <CompanionAds>
            <Companion id="1" width="300" height="250">
              <StaticResource creativeType="image/jpeg"><![CDATA[//qa.jwplayer.com/~alex/post_300X250.jpg]]></StaticResource>
              <CompanionClickThrough><![CDATA[//www.jwplayer.com/]]></CompanionClickThrough>
              <AltText></AltText>
              <AdParameters></AdParameters>
            </Companion>
            <Companion id="2" width="728" height="90">
              <StaticResource creativeType="image/jpeg"><![CDATA[//qa.jwplayer.com/~alex/post_728X90.jpg]]></StaticResource>
              <CompanionClickThrough><![CDATA[//www.jwplayer.com/]]></CompanionClickThrough>
              <AltText></AltText>
              <AdParameters></AdParameters>
            </Companion>
          </CompanionAds>
        </Creative>
      </Creatives>
      <Extensions>
        <Extension type="DART">
          <AdServingData>
            <DeliveryData>
              <GeoData><![CDATA[ct=US&st=NY&ac=212&zp=10021&bw=3&dma=3&city=13275]]></GeoData>
            </DeliveryData>
          </AdServingData>
        </Extension>
      </Extensions>
    </InLine>
  </Ad>
</VAST>